air_force_blue_raf,Air Force Blue (Raf),#5d8aa8,168,138,93
air_force_blue_usaf,Air Force Blue (Usaf),#00308f,143,48,0
air_superiority_blue,Air Superiority Blue,#72a0c1,193,160,114
alabama_crimson,Alabama Crimson,#a32638,56,38,163
alice_blue,Alice Blue,#f0f8ff,255,248,240
alizarin_crimson,Alizarin Crimson,#e32636,54,38,227
alloy_orange,Alloy Orange,#c46210,16,98,196
almond,Almond,#efdecd,205,222,239
amaranth,Amaranth,#e52b50,80,43,229
amber,Amber,#ffbf00,0,191,255
amber_sae_ece,Amber (Sae/Ece),#ff7e00,0,126,255
american_rose,American Rose,#ff033e,62,3,255
amethyst,Amethyst,#96c,204,102,153
android_green,Android Green,#a4c639,57,198,164
anti_flash_white,Anti-Flash White,#f2f3f4,244,243,242
antique_brass,Antique Brass,#cd9575,117,149,205
antique_fuchsia,Antique Fuchsia,#915c83,131,92,145
antique_ruby,Antique Ruby,#841b2d,45,27,132
antique_white,Antique White,#faebd7,215,235,250
ao_english,Ao (English),#008000,0,128,0
apple_green,Apple Green,#8db600,0,182,141
apricot,Apricot,#fbceb1,177,206,251
aqua,Aqua,#0ff,255,255,0
aquamarine,Aquamarine,#7fffd4,212,255,127
army_green,Army Green,#4b5320,32,83,75
arsenic,Arsenic,#3b444b,75,68,59
arylide_yellow,Arylide Yellow,#e9d66b,107,214,233
ash_grey,Ash Grey,#b2beb5,181,190,178
asparagus,Asparagus,#87a96b,107,169,135
atomic_tangerine,Atomic Tangerine,#f96,102,153,255
auburn,Auburn,#a52a2a,42,42,165
aureolin,Aureolin,#fdee00,0,238,253
aurometalsaurus,Aurometalsaurus,#6e7f80,128,127,110
avocado,Avocado,#568203,3,130,86
azure,Azure,#007fff,255,127,0
azure_mist_web,Azure Mist/Web,#f0ffff,255,255,240
baby_blue,Baby Blue,#89cff0,240,207,137
baby_blue_eyes,Baby Blue Eyes,#a1caf1,241,202,161
baby_pink,Baby Pink,#f4c2c2,194,194,244
ball_blue,Ball Blue,#21abcd,205,171,33
banana_mania,Banana Mania,#fae7b5,181,231,250
banana_yellow,Banana Yellow,#ffe135,53,225,255
barn_red,Barn Red,#7c0a02,2,10,124
battleship_grey,Battleship Grey,#848482,130,132,132
bazaar,Bazaar,#98777b,123,119,152
beau_blue,Beau Blue,#bcd4e6,230,212,188
beaver,Beaver,#9f8170,112,129,159
beige,Beige,#f5f5dc,220,245,245
big_dip_o_ruby,Big Dip O’Ruby,#9c2542,66,37,156
bisque,Bisque,#ffe4c4,196,228,255
bistre,Bistre,#3d2b1f,31,43,61
bittersweet,Bittersweet,#fe6f5e,94,111,254
bittersweet_shimmer,Bittersweet Shimmer,#bf4f51,81,79,191
black,Black,#000,0,0,0
black_bean,Black Bean,#3d0c02,2,12,61
black_leather_jacket,Black Leather Jacket,#253529,41,53,37
black_olive,Black Olive,#3b3c36,54,60,59
blanched_almond,Blanched Almond,#ffebcd,205,235,255
blast_off_bronze,Blast-Off Bronze,#a57164,100,113,165
bleu_de_france,Bleu De France,#318ce7,231,140,49
blizzard_blue,Blizzard Blue,#ace5ee,238,229,172
blond,Blond,#faf0be,190,240,250
blue,Blue,#00f,255,0,0
blue_bell,Blue Bell,#a2a2d0,208,162,162
blue_crayola,Blue (Crayola),#1f75fe,254,117,31
blue_gray,Blue Gray,#69c,204,153,102
blue_green,Blue-Green,#0d98ba,186,152,13
blue_munsell,Blue (Munsell),#0093af,175,147,0
blue_ncs,Blue (Ncs),#0087bd,189,135,0
blue_pigment,Blue (Pigment),#339,153,51,51
blue_ryb,Blue (Ryb),#0247fe,254,71,2
blue_sapphire,Blue Sapphire,#126180,128,97,18
blue_violet,Blue-Violet,#8a2be2,226,43,138
blush,Blush,#de5d83,131,93,222
bole,Bole,#79443b,59,68,121
bondi_blue,Bondi Blue,#0095b6,182,149,0
bone,Bone,#e3dac9,201,218,227
boston_university_red,Boston University Red,#c00,0,0,204
bottle_green,Bottle Green,#006a4e,78,106,0
boysenberry,Boysenberry,#873260,96,50,135
brandeis_blue,Brandeis Blue,#0070ff,255,112,0
brass,Brass,#b5a642,66,166,181
brick_red,Brick Red,#cb4154,84,65,203
bright_cerulean,Bright Cerulean,#1dacd6,214,172,29
bright_green,Bright Green,#6f0,0,255,102
bright_lavender,Bright Lavender,#bf94e4,228,148,191
bright_maroon,Bright Maroon,#c32148,72,33,195
bright_pink,Bright Pink,#ff007f,127,0,255
bright_turquoise,Bright Turquoise,#08e8de,222,232,8
bright_ube,Bright Ube,#d19fe8,232,159,209
brilliant_lavender,Brilliant Lavender,#f4bbff,255,187,244
brilliant_rose,Brilliant Rose,#ff55a3,163,85,255
brink_pink,Brink Pink,#fb607f,127,96,251
british_racing_green,British Racing Green,#004225,37,66,0
bronze,Bronze,#cd7f32,50,127,205
brown_traditional,Brown (Traditional),#964b00,0,75,150
brown_web,Brown (Web),#a52a2a,42,42,165
bubble_gum,Bubble Gum,#ffc1cc,204,193,255
bubbles,Bubbles,#e7feff,255,254,231
buff,Buff,#f0dc82,130,220,240
bulgarian_rose,Bulgarian Rose,#480607,7,6,72
burgundy,Burgundy,#800020,32,0,128
burlywood,Burlywood,#deb887,135,184,222
burnt_orange,Burnt Orange,#c50,0,85,204
burnt_sienna,Burnt Sienna,#e97451,81,116,233
burnt_umber,Burnt Umber,#8a3324,36,51,138
byzantine,Byzantine,#bd33a4,164,51,189
byzantium,Byzantium,#702963,99,41,112
cadet,Cadet,#536872,114,104,83
cadet_blue,Cadet Blue,#5f9ea0,160,158,95
cadet_grey,Cadet Grey,#91a3b0,176,163,145
cadmium_green,Cadmium Green,#006b3c,60,107,0
cadmium_orange,Cadmium Orange,#ed872d,45,135,237
cadmium_red,Cadmium Red,#e30022,34,0,227
cadmium_yellow,Cadmium Yellow,#fff600,0,246,255
caf_au_lait,Café Au Lait,#a67b5b,91,123,166
caf_noir,Café Noir,#4b3621,33,54,75
cal_poly_green,Cal Poly Green,#1e4d2b,43,77,30
cambridge_blue,Cambridge Blue,#a3c1ad,173,193,163
camel,Camel,#c19a6b,107,154,193
cameo_pink,Cameo Pink,#efbbcc,204,187,239
camouflage_green,Camouflage Green,#78866b,107,134,120
canary_yellow,Canary Yellow,#ffef00,0,239,255
candy_apple_red,Candy Apple Red,#ff0800,0,8,255
candy_pink,Candy Pink,#e4717a,122,113,228
capri,Capri,#00bfff,255,191,0
caput_mortuum,Caput Mortuum,#592720,32,39,89
cardinal,Cardinal,#c41e3a,58,30,196
caribbean_green,Caribbean Green,#0c9,153,204,0
carmine,Carmine,#960018,24,0,150
carmine_m_p,Carmine (M&P),#d70040,64,0,215
carmine_pink,Carmine Pink,#eb4c42,66,76,235
carmine_red,Carmine Red,#ff0038,56,0,255
carnation_pink,Carnation Pink,#ffa6c9,201,166,255
carnelian,Carnelian,#b31b1b,27,27,179
carolina_blue,Carolina Blue,#99badd,221,186,153
carrot_orange,Carrot Orange,#ed9121,33,145,237
catalina_blue,Catalina Blue,#062a78,120,42,6
ceil,Ceil,#92a1cf,207,161,146
celadon,Celadon,#ace1af,175,225,172
celadon_blue,Celadon Blue,#007ba7,167,123,0
celadon_green,Celadon Green,#2f847c,124,132,47
celeste_colour,Celeste (Colour),#b2ffff,255,255,178
celestial_blue,Celestial Blue,#4997d0,208,151,73
cerise,Cerise,#de3163,99,49,222
cerise_pink,Cerise Pink,#ec3b83,131,59,236
cerulean,Cerulean,#007ba7,167,123,0
cerulean_blue,Cerulean Blue,#2a52be,190,82,42
cerulean_frost,Cerulean Frost,#6d9bc3,195,155,109
cg_blue,Cg Blue,#007aa5,165,122,0
cg_red,Cg Red,#e03c31,49,60,224
chamoisee,Chamoisee,#a0785a,90,120,160
champagne,Champagne,#fad6a5,165,214,250
charcoal,Charcoal,#36454f,79,69,54
charm_pink,Charm Pink,#e68fac,172,143,230
chartreuse_traditional,Chartreuse (Traditional),#dfff00,0,255,223
chartreuse_web,Chartreuse (Web),#7fff00,0,255,127
cherry,Cherry,#de3163,99,49,222
cherry_blossom_pink,Cherry Blossom Pink,#ffb7c5,197,183,255
chestnut,Chestnut,#cd5c5c,92,92,205
china_pink,China Pink,#de6fa1,161,111,222
china_rose,China Rose,#a8516e,110,81,168
chinese_red,Chinese Red,#aa381e,30,56,170
chocolate_traditional,Chocolate (Traditional),#7b3f00,0,63,123
chocolate_web,Chocolate (Web),#d2691e,30,105,210
chrome_yellow,Chrome Yellow,#ffa700,0,167,255
cinereous,Cinereous,#98817b,123,129,152
cinnabar,Cinnabar,#e34234,52,66,227
cinnamon,Cinnamon,#d2691e,30,105,210
citrine,Citrine,#e4d00a,10,208,228
classic_rose,Classic Rose,#fbcce7,231,204,251
cobalt,Cobalt,#0047ab,171,71,0
cocoa_brown,Cocoa Brown,#d2691e,30,105,210
coffee,Coffee,#6f4e37,55,78,111
columbia_blue,Columbia Blue,#9bddff,255,221,155
congo_pink,Congo Pink,#f88379,121,131,248
cool_black,Cool Black,#002e63,99,46,0
cool_grey,Cool Grey,#8c92ac,172,146,140
copper,Copper,#b87333,51,115,184
copper_crayola,Copper (Crayola),#da8a67,103,138,218
copper_penny,Copper Penny,#ad6f69,105,111,173
copper_red,Copper Red,#cb6d51,81,109,203
copper_rose,Copper Rose,#966,102,102,153
coquelicot,Coquelicot,#ff3800,0,56,255
coral,Coral,#ff7f50,80,127,255
coral_pink,Coral Pink,#f88379,121,131,248
coral_red,Coral Red,#ff4040,64,64,255
cordovan,Cordovan,#893f45,69,63,137
corn,Corn,#fbec5d,93,236,251
cornell_red,Cornell Red,#b31b1b,27,27,179
cornflower_blue,Cornflower Blue,#6495ed,237,149,100
cornsilk,Cornsilk,#fff8dc,220,248,255
cosmic_latte,Cosmic Latte,#fff8e7,231,248,255
cotton_candy,Cotton Candy,#ffbcd9,217,188,255
cream,Cream,#fffdd0,208,253,255
crimson,Crimson,#dc143c,60,20,220
crimson_glory,Crimson Glory,#be0032,50,0,190
cyan,Cyan,#0ff,255,255,0
cyan_process,Cyan (Process),#00b7eb,235,183,0
daffodil,Daffodil,#ffff31,49,255,255
dandelion,Dandelion,#f0e130,48,225,240
dark_blue,Dark Blue,#00008b,139,0,0
dark_brown,Dark Brown,#654321,33,67,101
dark_byzantium,Dark Byzantium,#5d3954,84,57,93
dark_candy_apple_red,Dark Candy Apple Red,#a40000,0,0,164
dark_cerulean,Dark Cerulean,#08457e,126,69,8
dark_chestnut,Dark Chestnut,#986960,96,105,152
dark_coral,Dark Coral,#cd5b45,69,91,205
dark_cyan,Dark Cyan,#008b8b,139,139,0
dark_electric_blue,Dark Electric Blue,#536878,120,104,83
dark_goldenrod,Dark Goldenrod,#b8860b,11,134,184
dark_gray,Dark Gray,#a9a9a9,169,169,169
dark_green,Dark Green,#013220,32,50,1
dark_imperial_blue,Dark Imperial Blue,#00416a,106,65,0
dark_jungle_green,Dark Jungle Green,#1a2421,33,36,26
dark_khaki,Dark Khaki,#bdb76b,107,183,189
dark_lava,Dark Lava,#483c32,50,60,72
dark_lavender,Dark Lavender,#734f96,150,79,115
dark_magenta,Dark Magenta,#8b008b,139,0,139
dark_midnight_blue,Dark Midnight Blue,#036,102,51,0
dark_olive_green,Dark Olive Green,#556b2f,47,107,85
dark_orange,Dark Orange,#ff8c00,0,140,255
dark_orchid,Dark Orchid,#9932cc,204,50,153
dark_pastel_blue,Dark Pastel Blue,#779ecb,203,158,119
dark_pastel_green,Dark Pastel Green,#03c03c,60,192,3
dark_pastel_purple,Dark Pastel Purple,#966fd6,214,111,150
dark_pastel_red,Dark Pastel Red,#c23b22,34,59,194
dark_pink,Dark Pink,#e75480,128,84,231
dark_powder_blue,Dark Powder Blue,#039,153,51,0
dark_raspberry,Dark Raspberry,#872657,87,38,135
dark_red,Dark Red,#8b0000,0,0,139
dark_salmon,Dark Salmon,#e9967a,122,150,233
dark_scarlet,Dark Scarlet,#560319,25,3,86
dark_sea_green,Dark Sea Green,#8fbc8f,143,188,143
dark_sienna,Dark Sienna,#3c1414,20,20,60
dark_slate_blue,Dark Slate Blue,#483d8b,139,61,72
dark_slate_gray,Dark Slate Gray,#2f4f4f,79,79,47
dark_spring_green,Dark Spring Green,#177245,69,114,23
dark_tan,Dark Tan,#918151,81,129,145
dark_tangerine,Dark Tangerine,#ffa812,18,168,255
dark_taupe,Dark Taupe,#483c32,50,60,72
dark_terra_cotta,Dark Terra Cotta,#cc4e5c,92,78,204
dark_turquoise,Dark Turquoise,#00ced1,209,206,0
dark_violet,Dark Violet,#9400d3,211,0,148
dark_yellow,Dark Yellow,#9b870c,12,135,155
dartmouth_green,Dartmouth Green,#00703c,60,112,0
davy_s_grey,Davy'S Grey,#555,85,85,85
debian_red,Debian Red,#d70a53,83,10,215
deep_carmine,Deep Carmine,#a9203e,62,32,169
deep_carmine_pink,Deep Carmine Pink,#ef3038,56,48,239
deep_carrot_orange,Deep Carrot Orange,#e9692c,44,105,233
deep_cerise,Deep Cerise,#da3287,135,50,218
deep_champagne,Deep Champagne,#fad6a5,165,214,250
deep_chestnut,Deep Chestnut,#b94e48,72,78,185
deep_coffee,Deep Coffee,#704241,65,66,112
deep_fuchsia,Deep Fuchsia,#c154c1,193,84,193
deep_jungle_green,Deep Jungle Green,#004b49,73,75,0
deep_lilac,Deep Lilac,#95b,187,85,153
deep_magenta,Deep Magenta,#c0c,204,0,204
deep_peach,Deep Peach,#ffcba4,164,203,255
deep_pink,Deep Pink,#ff1493,147,20,255
deep_ruby,Deep Ruby,#843f5b,91,63,132
deep_saffron,Deep Saffron,#f93,51,153,255
deep_sky_blue,Deep Sky Blue,#00bfff,255,191,0
deep_tuscan_red,Deep Tuscan Red,#66424d,77,66,102
denim,Denim,#1560bd,189,96,21
desert,Desert,#c19a6b,107,154,193
desert_sand,Desert Sand,#edc9af,175,201,237
dim_gray,Dim Gray,#696969,105,105,105
dodger_blue,Dodger Blue,#1e90ff,255,144,30
dogwood_rose,Dogwood Rose,#d71868,104,24,215
dollar_bill,Dollar Bill,#85bb65,101,187,133
drab,Drab,#967117,23,113,150
duke_blue,Duke Blue,#00009c,156,0,0
earth_yellow,Earth Yellow,#e1a95f,95,169,225
ebony,Ebony,#555d50,80,93,85
ecru,Ecru,#c2b280,128,178,194
eggplant,Eggplant,#614051,81,64,97
eggshell,Eggshell,#f0ead6,214,234,240
egyptian_blue,Egyptian Blue,#1034a6,166,52,16
electric_blue,Electric Blue,#7df9ff,255,249,125
electric_crimson,Electric Crimson,#ff003f,63,0,255
electric_cyan,Electric Cyan,#0ff,255,255,0
electric_green,Electric Green,#0f0,0,255,0
electric_indigo,Electric Indigo,#6f00ff,255,0,111
electric_lavender,Electric Lavender,#f4bbff,255,187,244
electric_lime,Electric Lime,#cf0,0,255,204
electric_purple,Electric Purple,#bf00ff,255,0,191
electric_ultramarine,Electric Ultramarine,#3f00ff,255,0,63
electric_violet,Electric Violet,#8f00ff,255,0,143
electric_yellow,Electric Yellow,#ff0,0,255,255
emerald,Emerald,#50c878,120,200,80
english_lavender,English Lavender,#b48395,149,131,180
eton_blue,Eton Blue,#96c8a2,162,200,150
fallow,Fallow,#c19a6b,107,154,193
falu_red,Falu Red,#801818,24,24,128
fandango,Fandango,#b53389,137,51,181
fashion_fuchsia,Fashion Fuchsia,#f400a1,161,0,244
fawn,Fawn,#e5aa70,112,170,229
feldgrau,Feldgrau,#4d5d53,83,93,77
fern_green,Fern Green,#4f7942,66,121,79
ferrari_red,Ferrari Red,#ff2800,0,40,255
field_drab,Field Drab,#6c541e,30,84,108
fire_engine_red,Fire Engine Red,#ce2029,41,32,206
firebrick,Firebrick,#b22222,34,34,178
flame,Flame,#e25822,34,88,226
flamingo_pink,Flamingo Pink,#fc8eac,172,142,252
flavescent,Flavescent,#f7e98e,142,233,247
flax,Flax,#eedc82,130,220,238
floral_white,Floral White,#fffaf0,240,250,255
fluorescent_orange,Fluorescent Orange,#ffbf00,0,191,255
fluorescent_pink,Fluorescent Pink,#ff1493,147,20,255
fluorescent_yellow,Fluorescent Yellow,#cf0,0,255,204
folly,Folly,#ff004f,79,0,255
forest_green_traditional,Forest Green (Traditional),#014421,33,68,1
forest_green_web,Forest Green (Web),#228b22,34,139,34
french_beige,French Beige,#a67b5b,91,123,166
french_blue,French Blue,#0072bb,187,114,0
french_lilac,French Lilac,#86608e,142,96,134
french_lime,French Lime,#cf0,0,255,204
french_raspberry,French Raspberry,#c72c48,72,44,199
french_rose,French Rose,#f64a8a,138,74,246
fuchsia,Fuchsia,#f0f,255,0,255
fuchsia_crayola,Fuchsia (Crayola),#c154c1,193,84,193
fuchsia_pink,Fuchsia Pink,#f7f,255,119,255
fuchsia_rose,Fuchsia Rose,#c74375,117,67,199
fulvous,Fulvous,#e48400,0,132,228
fuzzy_wuzzy,Fuzzy Wuzzy,#c66,102,102,204
gainsboro,Gainsboro,#dcdcdc,220,220,220
gamboge,Gamboge,#e49b0f,15,155,228
ghost_white,Ghost White,#f8f8ff,255,248,248
ginger,Ginger,#b06500,0,101,176
glaucous,Glaucous,#6082b6,182,130,96
glitter,Glitter,#e6e8fa,250,232,230
gold_metallic,Gold (Metallic),#d4af37,55,175,212
gold_web_golden,Gold (Web) (Golden),#ffd700,0,215,255
golden_brown,Golden Brown,#996515,21,101,153
golden_poppy,Golden Poppy,#fcc200,0,194,252
golden_yellow,Golden Yellow,#ffdf00,0,223,255
goldenrod,Goldenrod,#daa520,32,165,218
granny_smith_apple,Granny Smith Apple,#a8e4a0,160,228,168
gray,Gray,#808080,128,128,128
gray_asparagus,Gray-Asparagus,#465945,69,89,70
gray_html_css_gray,Gray (Html/Css Gray),#808080,128,128,128
gray_x11_gray,Gray (X11 Gray),#bebebe,190,190,190
green_color_wheel_x11_green,Green (Color Wheel) (X11 Green),#0f0,0,255,0
green_crayola,Green (Crayola),#1cac78,120,172,28
green_html_css_green,Green (Html/Css Green),#008000,0,128,0
green_munsell,Green (Munsell),#00a877,119,168,0
green_ncs,Green (Ncs),#009f6b,107,159,0
green_pigment,Green (Pigment),#00a550,80,165,0
green_ryb,Green (Ryb),#66b032,50,176,102
green_yellow,Green-Yellow,#adff2f,47,255,173
grullo,Grullo,#a99a86,134,154,169
guppie_green,Guppie Green,#00ff7f,127,255,0
halay_be,Halayà úBe,#663854,84,56,102
han_blue,Han Blue,#446ccf,207,108,68
han_purple,Han Purple,#5218fa,250,24,82
hansa_yellow,Hansa Yellow,#e9d66b,107,214,233
harlequin,Harlequin,#3fff00,0,255,63
harvard_crimson,Harvard Crimson,#c90016,22,0,201
harvest_gold,Harvest Gold,#da9100,0,145,218
heart_gold,Heart Gold,#808000,0,128,128
heliotrope,Heliotrope,#df73ff,255,115,223
hollywood_cerise,Hollywood Cerise,#f400a1,161,0,244
honeydew,Honeydew,#f0fff0,240,255,240
honolulu_blue,Honolulu Blue,#007fbf,191,127,0
hooker_s_green,Hooker'S Green,#49796b,107,121,73
hot_magenta,Hot Magenta,#ff1dce,206,29,255
hot_pink,Hot Pink,#ff69b4,180,105,255
hunter_green,Hunter Green,#355e3b,59,94,53
iceberg,Iceberg,#71a6d2,210,166,113
icterine,Icterine,#fcf75e,94,247,252
imperial_blue,Imperial Blue,#002395,149,35,0
inchworm,Inchworm,#b2ec5d,93,236,178
india_green,India Green,#138808,8,136,19
indian_red,Indian Red,#cd5c5c,92,92,205
indian_yellow,Indian Yellow,#e3a857,87,168,227
indigo,Indigo,#6f00ff,255,0,111
indigo_dye,Indigo (Dye),#00416a,106,65,0
indigo_web,Indigo (Web),#4b0082,130,0,75
international_klein_blue,International Klein Blue,#002fa7,167,47,0
international_orange_aerospace,International Orange (Aerospace),#ff4f00,0,79,255
international_orange_engineering,International Orange (Engineering),#ba160c,12,22,186
international_orange_golden_gate_bridge,International Orange (Golden Gate Bridge),#c0362c,44,54,192
iris,Iris,#5a4fcf,207,79,90
isabelline,Isabelline,#f4f0ec,236,240,244
islamic_green,Islamic Green,#009000,0,144,0
ivory,Ivory,#fffff0,240,255,255
jade,Jade,#00a86b,107,168,0
jasmine,Jasmine,#f8de7e,126,222,248
jasper,Jasper,#d73b3e,62,59,215
jazzberry_jam,Jazzberry Jam,#a50b5e,94,11,165
jet,Jet,#343434,52,52,52
jonquil,Jonquil,#fada5e,94,218,250
june_bud,June Bud,#bdda57,87,218,189
jungle_green,Jungle Green,#29ab87,135,171,41
kelly_green,Kelly Green,#4cbb17,23,187,76
kenyan_copper,Kenyan Copper,#7c1c05,5,28,124
khaki_html_css_khaki,Khaki (Html/Css) (Khaki),#c3b091,145,176,195
khaki_x11_light_khaki,Khaki (X11) (Light Khaki),#f0e68c,140,230,240
ku_crimson,Ku Crimson,#e8000d,13,0,232
la_salle_green,La Salle Green,#087830,48,120,8
languid_lavender,Languid Lavender,#d6cadd,221,202,214
lapis_lazuli,Lapis Lazuli,#26619c,156,97,38
laser_lemon,Laser Lemon,#fefe22,34,254,254
laurel_green,Laurel Green,#a9ba9d,157,186,169
lava,Lava,#cf1020,32,16,207
lavender_blue,Lavender Blue,#ccf,255,204,204
lavender_blush,Lavender Blush,#fff0f5,245,240,255
lavender_floral,Lavender (Floral),#b57edc,220,126,181
lavender_gray,Lavender Gray,#c4c3d0,208,195,196
lavender_indigo,Lavender Indigo,#9457eb,235,87,148
lavender_magenta,Lavender Magenta,#ee82ee,238,130,238
lavender_mist,Lavender Mist,#e6e6fa,250,230,230
lavender_pink,Lavender Pink,#fbaed2,210,174,251
lavender_purple,Lavender Purple,#967bb6,182,123,150
lavender_rose,Lavender Rose,#fba0e3,227,160,251
lavender_web,Lavender (Web),#e6e6fa,250,230,230
lawn_green,Lawn Green,#7cfc00,0,252,124
lemon,Lemon,#fff700,0,247,255
lemon_chiffon,Lemon Chiffon,#fffacd,205,250,255
lemon_lime,Lemon Lime,#e3ff00,0,255,227
licorice,Licorice,#1a1110,16,17,26
light_apricot,Light Apricot,#fdd5b1,177,213,253
light_blue,Light Blue,#add8e6,230,216,173
light_brown,Light Brown,#b5651d,29,101,181
light_carmine_pink,Light Carmine Pink,#e66771,113,103,230
light_coral,Light Coral,#f08080,128,128,240
light_cornflower_blue,Light Cornflower Blue,#93ccea,234,204,147
light_crimson,Light Crimson,#f56991,145,105,245
light_cyan,Light Cyan,#e0ffff,255,255,224
light_fuchsia_pink,Light Fuchsia Pink,#f984ef,239,132,249
light_goldenrod_yellow,Light Goldenrod Yellow,#fafad2,210,250,250
light_gray,Light Gray,#d3d3d3,211,211,211
light_green,Light Green,#90ee90,144,238,144
light_khaki,Light Khaki,#f0e68c,140,230,240
light_pastel_purple,Light Pastel Purple,#b19cd9,217,156,177
light_pink,Light Pink,#ffb6c1,193,182,255
light_red_ochre,Light Red Ochre,#e97451,81,116,233
light_salmon,Light Salmon,#ffa07a,122,160,255
light_salmon_pink,Light Salmon Pink,#f99,153,153,255
light_sea_green,Light Sea Green,#20b2aa,170,178,32
light_sky_blue,Light Sky Blue,#87cefa,250,206,135
light_slate_gray,Light Slate Gray,#789,153,136,119
light_taupe,Light Taupe,#b38b6d,109,139,179
light_thulian_pink,Light Thulian Pink,#e68fac,172,143,230
light_yellow,Light Yellow,#ffffe0,224,255,255
lilac,Lilac,#c8a2c8,200,162,200
lime_color_wheel,Lime (Color Wheel),#bfff00,0,255,191
lime_green,Lime Green,#32cd32,50,205,50
lime_web_x11_green,Lime (Web) (X11 Green),#0f0,0,255,0
limerick,Limerick,#9dc209,9,194,157
lincoln_green,Lincoln Green,#195905,5,89,25
linen,Linen,#faf0e6,230,240,250
lion,Lion,#c19a6b,107,154,193
little_boy_blue,Little Boy Blue,#6ca0dc,220,160,108
liver,Liver,#534b4f,79,75,83
lust,Lust,#e62020,32,32,230
magenta,Magenta,#f0f,255,0,255
magenta_dye,Magenta (Dye),#ca1f7b,123,31,202
magenta_process,Magenta (Process),#ff0090,144,0,255
magic_mint,Magic Mint,#aaf0d1,209,240,170
magnolia,Magnolia,#f8f4ff,255,244,248
mahogany,Mahogany,#c04000,0,64,192
maize,Maize,#fbec5d,93,236,251
majorelle_blue,Majorelle Blue,#6050dc,220,80,96
malachite,Malachite,#0bda51,81,218,11
manatee,Manatee,#979aaa,170,154,151
mango_tango,Mango Tango,#ff8243,67,130,255
mantis,Mantis,#74c365,101,195,116
mardi_gras,Mardi Gras,#880085,133,0,136
maroon_crayola,Maroon (Crayola),#c32148,72,33,195
maroon_html_css,Maroon (Html/Css),#800000,0,0,128
maroon_x11,Maroon (X11),#b03060,96,48,176
mauve,Mauve,#e0b0ff,255,176,224
mauve_taupe,Mauve Taupe,#915f6d,109,95,145
mauvelous,Mauvelous,#ef98aa,170,152,239
maya_blue,Maya Blue,#73c2fb,251,194,115
meat_brown,Meat Brown,#e5b73b,59,183,229
medium_aquamarine,Medium Aquamarine,#6da,170,221,102
medium_blue,Medium Blue,#0000cd,205,0,0
medium_candy_apple_red,Medium Candy Apple Red,#e2062c,44,6,226
medium_carmine,Medium Carmine,#af4035,53,64,175
medium_champagne,Medium Champagne,#f3e5ab,171,229,243
medium_electric_blue,Medium Electric Blue,#035096,150,80,3
medium_jungle_green,Medium Jungle Green,#1c352d,45,53,28
medium_lavender_magenta,Medium Lavender Magenta,#dda0dd,221,160,221
medium_orchid,Medium Orchid,#ba55d3,211,85,186
medium_persian_blue,Medium Persian Blue,#0067a5,165,103,0
medium_purple,Medium Purple,#9370db,219,112,147
medium_red_violet,Medium Red-Violet,#bb3385,133,51,187
medium_ruby,Medium Ruby,#aa4069,105,64,170
medium_sea_green,Medium Sea Green,#3cb371,113,179,60
medium_slate_blue,Medium Slate Blue,#7b68ee,238,104,123
medium_spring_bud,Medium Spring Bud,#c9dc87,135,220,201
medium_spring_green,Medium Spring Green,#00fa9a,154,250,0
medium_taupe,Medium Taupe,#674c47,71,76,103
medium_turquoise,Medium Turquoise,#48d1cc,204,209,72
medium_tuscan_red,Medium Tuscan Red,#79443b,59,68,121
medium_vermilion,Medium Vermilion,#d9603b,59,96,217
medium_violet_red,Medium Violet-Red,#c71585,133,21,199
mellow_apricot,Mellow Apricot,#f8b878,120,184,248
mellow_yellow,Mellow Yellow,#f8de7e,126,222,248
melon,Melon,#fdbcb4,180,188,253
midnight_blue,Midnight Blue,#191970,112,25,25
midnight_green_eagle_green,Midnight Green (Eagle Green),#004953,83,73,0
mikado_yellow,Mikado Yellow,#ffc40c,12,196,255
mint,Mint,#3eb489,137,180,62
mint_cream,Mint Cream,#f5fffa,250,255,245
mint_green,Mint Green,#98ff98,152,255,152
misty_rose,Misty Rose,#ffe4e1,225,228,255
moccasin,Moccasin,#faebd7,215,235,250
mode_beige,Mode Beige,#967117,23,113,150
moonstone_blue,Moonstone Blue,#73a9c2,194,169,115
mordant_red_19,Mordant Red 19,#ae0c00,0,12,174
moss_green,Moss Green,#addfad,173,223,173
mountain_meadow,Mountain Meadow,#30ba8f,143,186,48
mountbatten_pink,Mountbatten Pink,#997a8d,141,122,153
msu_green,Msu Green,#18453b,59,69,24
mulberry,Mulberry,#c54b8c,140,75,197
mustard,Mustard,#ffdb58,88,219,255
myrtle,Myrtle,#21421e,30,66,33
nadeshiko_pink,Nadeshiko Pink,#f6adc6,198,173,246
napier_green,Napier Green,#2a8000,0,128,42
naples_yellow,Naples Yellow,#fada5e,94,218,250
navajo_white,Navajo White,#ffdead,173,222,255
navy_blue,Navy Blue,#000080,128,0,0
neon_carrot,Neon Carrot,#ffa343,67,163,255
neon_fuchsia,Neon Fuchsia,#fe4164,100,65,254
neon_green,Neon Green,#39ff14,20,255,57
new_york_pink,New York Pink,#d7837f,127,131,215
non_photo_blue,Non-Photo Blue,#a4dded,237,221,164
north_texas_green,North Texas Green,#059033,51,144,5
ocean_boat_blue,Ocean Boat Blue,#0077be,190,119,0
ochre,Ochre,#c72,34,119,204
office_green,Office Green,#008000,0,128,0
old_gold,Old Gold,#cfb53b,59,181,207
old_lace,Old Lace,#fdf5e6,230,245,253
old_lavender,Old Lavender,#796878,120,104,121
old_mauve,Old Mauve,#673147,71,49,103
old_rose,Old Rose,#c08081,129,128,192
olive,Olive,#808000,0,128,128
olive_drab_7,Olive Drab #7,#3c341f,31,52,60
olive_drab_web_olive_drab_3,Olive Drab (Web) (Olive Drab #3),#6b8e23,35,142,107
olivine,Olivine,#9ab973,115,185,154
onyx,Onyx,#353839,57,56,53
opera_mauve,Opera Mauve,#b784a7,167,132,183
orange_color_wheel,Orange (Color Wheel),#ff7f00,0,127,255
orange_peel,Orange Peel,#ff9f00,0,159,255
orange_red,Orange-Red,#ff4500,0,69,255
orange_ryb,Orange (Ryb),#fb9902,2,153,251
orange_web_color,Orange (Web Color),#ffa500,0,165,255
orchid,Orchid,#da70d6,214,112,218
otter_brown,Otter Brown,#654321,33,67,101
ou_crimson_red,Ou Crimson Red,#900,0,0,153
outer_space,Outer Space,#414a4c,76,74,65
outrageous_orange,Outrageous Orange,#ff6e4a,74,110,255
oxford_blue,Oxford Blue,#002147,71,33,0
pakistan_green,Pakistan Green,#060,0,102,0
palatinate_blue,Palatinate Blue,#273be2,226,59,39
palatinate_purple,Palatinate Purple,#682860,96,40,104
pale_aqua,Pale Aqua,#bcd4e6,230,212,188
pale_blue,Pale Blue,#afeeee,238,238,175
pale_brown,Pale Brown,#987654,84,118,152
pale_carmine,Pale Carmine,#af4035,53,64,175
pale_cerulean,Pale Cerulean,#9bc4e2,226,196,155
pale_chestnut,Pale Chestnut,#ddadaf,175,173,221
pale_copper,Pale Copper,#da8a67,103,138,218
pale_cornflower_blue,Pale Cornflower Blue,#abcdef,239,205,171
pale_gold,Pale Gold,#e6be8a,138,190,230
pale_goldenrod,Pale Goldenrod,#eee8aa,170,232,238
pale_green,Pale Green,#98fb98,152,251,152
pale_lavender,Pale Lavender,#dcd0ff,255,208,220
pale_magenta,Pale Magenta,#f984e5,229,132,249
pale_pink,Pale Pink,#fadadd,221,218,250
pale_plum,Pale Plum,#dda0dd,221,160,221
pale_red_violet,Pale Red-Violet,#db7093,147,112,219
pale_robin_egg_blue,Pale Robin Egg Blue,#96ded1,209,222,150
pale_silver,Pale Silver,#c9c0bb,187,192,201
pale_spring_bud,Pale Spring Bud,#ecebbd,189,235,236
pale_taupe,Pale Taupe,#bc987e,126,152,188
pale_violet_red,Pale Violet-Red,#db7093,147,112,219
pansy_purple,Pansy Purple,#78184a,74,24,120
papaya_whip,Papaya Whip,#ffefd5,213,239,255
paris_green,Paris Green,#50c878,120,200,80
pastel_blue,Pastel Blue,#aec6cf,207,198,174
pastel_brown,Pastel Brown,#836953,83,105,131
pastel_gray,Pastel Gray,#cfcfc4,196,207,207
pastel_green,Pastel Green,#7d7,119,221,119
pastel_magenta,Pastel Magenta,#f49ac2,194,154,244
pastel_orange,Pastel Orange,#ffb347,71,179,255
pastel_pink,Pastel Pink,#dea5a4,164,165,222
pastel_purple,Pastel Purple,#b39eb5,181,158,179
pastel_red,Pastel Red,#ff6961,97,105,255
pastel_violet,Pastel Violet,#cb99c9,201,153,203
pastel_yellow,Pastel Yellow,#fdfd96,150,253,253
patriarch,Patriarch,#800080,128,0,128
payne_s_grey,Payne'S Grey,#536878,120,104,83
peach,Peach,#ffe5b4,180,229,255
peach_crayola,Peach (Crayola),#ffcba4,164,203,255
peach_orange,Peach-Orange,#fc9,153,204,255
peach_puff,Peach Puff,#ffdab9,185,218,255
peach_yellow,Peach-Yellow,#fadfad,173,223,250
pear,Pear,#d1e231,49,226,209
pearl,Pearl,#eae0c8,200,224,234
pearl_aqua,Pearl Aqua,#88d8c0,192,216,136
pearly_purple,Pearly Purple,#b768a2,162,104,183
peridot,Peridot,#e6e200,0,226,230
periwinkle,Periwinkle,#ccf,255,204,204
persian_blue,Persian Blue,#1c39bb,187,57,28
persian_green,Persian Green,#00a693,147,166,0
persian_indigo,Persian Indigo,#32127a,122,18,50
persian_orange,Persian Orange,#d99058,88,144,217
persian_pink,Persian Pink,#f77fbe,190,127,247
persian_plum,Persian Plum,#701c1c,28,28,112
persian_red,Persian Red,#c33,51,51,204
persian_rose,Persian Rose,#fe28a2,162,40,254
persimmon,Persimmon,#ec5800,0,88,236
peru,Peru,#cd853f,63,133,205
phlox,Phlox,#df00ff,255,0,223
phthalo_blue,Phthalo Blue,#000f89,137,15,0
phthalo_green,Phthalo Green,#123524,36,53,18
piggy_pink,Piggy Pink,#fddde6,230,221,253
pine_green,Pine Green,#01796f,111,121,1
pink,Pink,#ffc0cb,203,192,255
pink_lace,Pink Lace,#ffddf4,244,221,255
pink_orange,Pink-Orange,#f96,102,153,255
pink_pearl,Pink Pearl,#e7accf,207,172,231
pink_sherbet,Pink Sherbet,#f78fa7,167,143,247
pistachio,Pistachio,#93c572,114,197,147
platinum,Platinum,#e5e4e2,226,228,229
plum_traditional,Plum (Traditional),#8e4585,133,69,142
plum_web,Plum (Web),#dda0dd,221,160,221
portland_orange,Portland Orange,#ff5a36,54,90,255
powder_blue_web,Powder Blue (Web),#b0e0e6,230,224,176
princeton_orange,Princeton Orange,#ff8f00,0,143,255
prune,Prune,#701c1c,28,28,112
prussian_blue,Prussian Blue,#003153,83,49,0
psychedelic_purple,Psychedelic Purple,#df00ff,255,0,223
puce,Puce,#c89,153,136,204
pumpkin,Pumpkin,#ff7518,24,117,255
purple_heart,Purple Heart,#69359c,156,53,105
purple_html_css,Purple (Html/Css),#800080,128,0,128
purple_mountain_majesty,Purple Mountain Majesty,#9678b6,182,120,150
purple_munsell,Purple (Munsell),#9f00c5,197,0,159
purple_pizzazz,Purple Pizzazz,#fe4eda,218,78,254
purple_taupe,Purple Taupe,#50404d,77,64,80
purple_x11,Purple (X11),#a020f0,240,32,160
quartz,Quartz,#51484f,79,72,81
rackley,Rackley,#5d8aa8,168,138,93
radical_red,Radical Red,#ff355e,94,53,255
rajah,Rajah,#fbab60,96,171,251
raspberry,Raspberry,#e30b5d,93,11,227
raspberry_glace,Raspberry Glace,#915f6d,109,95,145
raspberry_pink,Raspberry Pink,#e25098,152,80,226
raspberry_rose,Raspberry Rose,#b3446c,108,68,179
raw_umber,Raw Umber,#826644,68,102,130
razzle_dazzle_rose,Razzle Dazzle Rose,#f3c,204,51,255
razzmatazz,Razzmatazz,#e3256b,107,37,227
red,Red,#f00,0,0,255
red_brown,Red-Brown,#a52a2a,42,42,165
red_devil,Red Devil,#860111,17,1,134
red_munsell,Red (Munsell),#f2003c,60,0,242
red_ncs,Red (Ncs),#c40233,51,2,196
red_orange,Red-Orange,#ff5349,73,83,255
red_pigment,Red (Pigment),#ed1c24,36,28,237
red_ryb,Red (Ryb),#fe2712,18,39,254
red_violet,Red-Violet,#c71585,133,21,199
redwood,Redwood,#ab4e52,82,78,171
regalia,Regalia,#522d80,128,45,82
resolution_blue,Resolution Blue,#002387,135,35,0
rich_black,Rich Black,#004040,64,64,0
rich_brilliant_lavender,Rich Brilliant Lavender,#f1a7fe,254,167,241
rich_carmine,Rich Carmine,#d70040,64,0,215
rich_electric_blue,Rich Electric Blue,#0892d0,208,146,8
rich_lavender,Rich Lavender,#a76bcf,207,107,167
rich_lilac,Rich Lilac,#b666d2,210,102,182
rich_maroon,Rich Maroon,#b03060,96,48,176
rifle_green,Rifle Green,#414833,51,72,65
robin_egg_blue,Robin Egg Blue,#0cc,204,204,0
rose,Rose,#ff007f,127,0,255
rose_bonbon,Rose Bonbon,#f9429e,158,66,249
rose_ebony,Rose Ebony,#674846,70,72,103
rose_gold,Rose Gold,#b76e79,121,110,183
rose_madder,Rose Madder,#e32636,54,38,227
rose_pink,Rose Pink,#f6c,204,102,255
rose_quartz,Rose Quartz,#aa98a9,169,152,170
rose_taupe,Rose Taupe,#905d5d,93,93,144
rose_vale,Rose Vale,#ab4e52,82,78,171
rosewood,Rosewood,#65000b,11,0,101
rosso_corsa,Rosso Corsa,#d40000,0,0,212
rosy_brown,Rosy Brown,#bc8f8f,143,143,188
royal_azure,Royal Azure,#0038a8,168,56,0
royal_blue_traditional,Royal Blue (Traditional),#002366,102,35,0
royal_blue_web,Royal Blue (Web),#4169e1,225,105,65
royal_fuchsia,Royal Fuchsia,#ca2c92,146,44,202
royal_purple,Royal Purple,#7851a9,169,81,120
royal_yellow,Royal Yellow,#fada5e,94,218,250
rubine_red,Rubine Red,#d10056,86,0,209
ruby,Ruby,#e0115f,95,17,224
ruby_red,Ruby Red,#9b111e,30,17,155
ruddy,Ruddy,#ff0028,40,0,255
ruddy_brown,Ruddy Brown,#bb6528,40,101,187
ruddy_pink,Ruddy Pink,#e18e96,150,142,225
rufous,Rufous,#a81c07,7,28,168
russet,Russet,#80461b,27,70,128
rust,Rust,#b7410e,14,65,183
rusty_red,Rusty Red,#da2c43,67,44,218
sacramento_state_green,Sacramento State Green,#00563f,63,86,0
saddle_brown,Saddle Brown,#8b4513,19,69,139
safety_orange_blaze_orange,Safety Orange (Blaze Orange),#ff6700,0,103,255
saffron,Saffron,#f4c430,48,196,244
salmon,Salmon,#ff8c69,105,140,255
salmon_pink,Salmon Pink,#ff91a4,164,145,255
sand,Sand,#c2b280,128,178,194
sand_dune,Sand Dune,#967117,23,113,150
sandstorm,Sandstorm,#ecd540,64,213,236
sandy_brown,Sandy Brown,#f4a460,96,164,244
sandy_taupe,Sandy Taupe,#967117,23,113,150
sangria,Sangria,#92000a,10,0,146
sap_green,Sap Green,#507d2a,42,125,80
sapphire,Sapphire,#0f52ba,186,82,15
sapphire_blue,Sapphire Blue,#0067a5,165,103,0
satin_sheen_gold,Satin Sheen Gold,#cba135,53,161,203
scarlet,Scarlet,#ff2400,0,36,255
scarlet_crayola,Scarlet (Crayola),#fd0e35,53,14,253
school_bus_yellow,School Bus Yellow,#ffd800,0,216,255
screamin_green,Screamin' Green,#76ff7a,122,255,118
sea_blue,Sea Blue,#006994,148,105,0
sea_green,Sea Green,#2e8b57,87,139,46
seal_brown,Seal Brown,#321414,20,20,50
seashell,Seashell,#fff5ee,238,245,255
selective_yellow,Selective Yellow,#ffba00,0,186,255
sepia,Sepia,#704214,20,66,112
shadow,Shadow,#8a795d,93,121,138
shamrock_green,Shamrock Green,#009e60,96,158,0
shocking_pink,Shocking Pink,#fc0fc0,192,15,252
shocking_pink_crayola,Shocking Pink (Crayola),#ff6fff,255,111,255
sienna,Sienna,#882d17,23,45,136
silver,Silver,#c0c0c0,192,192,192
sinopia,Sinopia,#cb410b,11,65,203
skobeloff,Skobeloff,#007474,116,116,0
sky_blue,Sky Blue,#87ceeb,235,206,135
sky_magenta,Sky Magenta,#cf71af,175,113,207
slate_blue,Slate Blue,#6a5acd,205,90,106
slate_gray,Slate Gray,#708090,144,128,112
smalt_dark_powder_blue,Smalt (Dark Powder Blue),#039,153,51,0
smokey_topaz,Smokey Topaz,#933d41,65,61,147
smoky_black,Smoky Black,#100c08,8,12,16
snow,Snow,#fffafa,250,250,255
spiro_disco_ball,Spiro Disco Ball,#0fc0fc,252,192,15
spring_bud,Spring Bud,#a7fc00,0,252,167
spring_green,Spring Green,#00ff7f,127,255,0
st_patrick_s_blue,St. Patrick'S Blue,#23297a,122,41,35
steel_blue,Steel Blue,#4682b4,180,130,70
stil_de_grain_yellow,Stil De Grain Yellow,#fada5e,94,218,250
stizza,Stizza,#900,0,0,153
stormcloud,Stormcloud,#4f666a,106,102,79
straw,Straw,#e4d96f,111,217,228
sunglow,Sunglow,#fc3,51,204,255
sunset,Sunset,#fad6a5,165,214,250
tan,Tan,#d2b48c,140,180,210
tangelo,Tangelo,#f94d00,0,77,249
tangerine,Tangerine,#f28500,0,133,242
tangerine_yellow,Tangerine Yellow,#fc0,0,204,255
tango_pink,Tango Pink,#e4717a,122,113,228
taupe,Taupe,#483c32,50,60,72
taupe_gray,Taupe Gray,#8b8589,137,133,139
tea_green,Tea Green,#d0f0c0,192,240,208
tea_rose_orange,Tea Rose (Orange),#f88379,121,131,248
tea_rose_rose,Tea Rose (Rose),#f4c2c2,194,194,244
teal,Teal,#008080,128,128,0
teal_blue,Teal Blue,#367588,136,117,54
teal_green,Teal Green,#00827f,127,130,0
telemagenta,Telemagenta,#cf3476,118,52,207
tenn_tawny,Tenné (Tawny),#cd5700,0,87,205
terra_cotta,Terra Cotta,#e2725b,91,114,226
thistle,Thistle,#d8bfd8,216,191,216
thulian_pink,Thulian Pink,#de6fa1,161,111,222
tickle_me_pink,Tickle Me Pink,#fc89ac,172,137,252
tiffany_blue,Tiffany Blue,#0abab5,181,186,10
tiger_s_eye,Tiger'S Eye,#e08d3c,60,141,224
timberwolf,Timberwolf,#dbd7d2,210,215,219
titanium_yellow,Titanium Yellow,#eee600,0,230,238
tomato,Tomato,#ff6347,71,99,255
toolbox,Toolbox,#746cc0,192,108,116
topaz,Topaz,#ffc87c,124,200,255
tractor_red,Tractor Red,#fd0e35,53,14,253
trolley_grey,Trolley Grey,#808080,128,128,128
tropical_rain_forest,Tropical Rain Forest,#00755e,94,117,0
true_blue,True Blue,#0073cf,207,115,0
tufts_blue,Tufts Blue,#417dc1,193,125,65
tumbleweed,Tumbleweed,#deaa88,136,170,222
turkish_rose,Turkish Rose,#b57281,129,114,181
turquoise,Turquoise,#30d5c8,200,213,48
turquoise_blue,Turquoise Blue,#00ffef,239,255,0
turquoise_green,Turquoise Green,#a0d6b4,180,214,160
tuscan_red,Tuscan Red,#7c4848,72,72,124
twilight_lavender,Twilight Lavender,#8a496b,107,73,138
tyrian_purple,Tyrian Purple,#66023c,60,2,102
ua_blue,Ua Blue,#03a,170,51,0
ua_red,Ua Red,#d9004c,76,0,217
ube,Ube,#8878c3,195,120,136
ucla_blue,Ucla Blue,#536895,149,104,83
ucla_gold,Ucla Gold,#ffb300,0,179,255
ufo_green,Ufo Green,#3cd070,112,208,60
ultra_pink,Ultra Pink,#ff6fff,255,111,255
ultramarine,Ultramarine,#120a8f,143,10,18
ultramarine_blue,Ultramarine Blue,#4166f5,245,102,65
umber,Umber,#635147,71,81,99
unbleached_silk,Unbleached Silk,#ffddca,202,221,255
united_nations_blue,United Nations Blue,#5b92e5,229,146,91
university_of_california_gold,University Of California Gold,#b78727,39,135,183
unmellow_yellow,Unmellow Yellow,#ff6,102,255,255
up_forest_green,Up Forest Green,#014421,33,68,1
up_maroon,Up Maroon,#7b1113,19,17,123
upsdell_red,Upsdell Red,#ae2029,41,32,174
urobilin,Urobilin,#e1ad21,33,173,225
usafa_blue,Usafa Blue,#004f98,152,79,0
usc_cardinal,Usc Cardinal,#900,0,0,153
usc_gold,Usc Gold,#fc0,0,204,255
utah_crimson,Utah Crimson,#d3003f,63,0,211
vanilla,Vanilla,#f3e5ab,171,229,243
vegas_gold,Vegas Gold,#c5b358,88,179,197
venetian_red,Venetian Red,#c80815,21,8,200
verdigris,Verdigris,#43b3ae,174,179,67
vermilion_cinnabar,Vermilion (Cinnabar),#e34234,52,66,227
vermilion_plochere,Vermilion (Plochere),#d9603b,59,96,217
veronica,Veronica,#a020f0,240,32,160
violet,Violet,#8f00ff,255,0,143
violet_blue,Violet-Blue,#324ab2,178,74,50
violet_color_wheel,Violet (Color Wheel),#7f00ff,255,0,127
violet_ryb,Violet (Ryb),#8601af,175,1,134
violet_web,Violet (Web),#ee82ee,238,130,238
viridian,Viridian,#40826d,109,130,64
vivid_auburn,Vivid Auburn,#922724,36,39,146
vivid_burgundy,Vivid Burgundy,#9f1d35,53,29,159
vivid_cerise,Vivid Cerise,#da1d81,129,29,218
vivid_tangerine,Vivid Tangerine,#ffa089,137,160,255
vivid_violet,Vivid Violet,#9f00ff,255,0,159
warm_black,Warm Black,#004242,66,66,0
waterspout,Waterspout,#a4f4f9,249,244,164
wenge,Wenge,#645452,82,84,100
wheat,Wheat,#f5deb3,179,222,245
white,White,#fff,255,255,255
white_smoke,White Smoke,#f5f5f5,245,245,245
wild_blue_yonder,Wild Blue Yonder,#a2add0,208,173,162
wild_strawberry,Wild Strawberry,#ff43a4,164,67,255
wild_watermelon,Wild Watermelon,#fc6c85,133,108,252
wine,Wine,#722f37,55,47,114
wine_dregs,Wine Dregs,#673147,71,49,103
wisteria,Wisteria,#c9a0dc,220,160,201
wood_brown,Wood Brown,#c19a6b,107,154,193
xanadu,Xanadu,#738678,120,134,115
yale_blue,Yale Blue,#0f4d92,146,77,15
yellow,Yellow,#ff0,0,255,255
yellow_green,Yellow-Green,#9acd32,50,205,154
yellow_munsell,Yellow (Munsell),#efcc00,0,204,239
yellow_ncs,Yellow (Ncs),#ffd300,0,211,255
yellow_orange,Yellow Orange,#ffae42,66,174,255
yellow_process,Yellow (Process),#ffef00,0,239,255
yellow_ryb,Yellow (Ryb),#fefe33,51,254,254
zaffre,Zaffre,#0014a8,168,20,0
zinnwaldite_brown,Zinnwaldite Brown,#2c1608,8,22,44
